{
  "type": "create:sequenced_assembly",
  "ingredient": {
    "item": "rosia:tin_can"
  },
  "transitionalItem": {
    "item": "kubejs:canned_noodle_soup"
  },
  "sequence": [
    {
      "type": "create:deploying",
      "ingredients": [
        {
          "item": "farmersdelight:noodle_soup"
        },
        {
          "item": "farmersdelight:noodle_soup"
        }
      ],
      "results": [
        {
          "item": "kubejs:canned_noodle_soup"
        }
      ]
    }
  ],
  "results": [
    {
      "item": "kubejs:canned_noodle_soup"
    }
  ],
  "loops": 1
}