{
  "type": "create:sequenced_assembly",
  "ingredient": {
    "item": "minecraft:glass_bottle"
  },
  "transitionalItem": {
    "item": "minecraft:glass_bottle"
  },
  "sequence": [
    {
      "type": "create:filling",
      "ingredients": [
        {
          "item": "minecraft:glass_bottle"
        },
        {
          "fluidTag": "forge:creosote",
          "nbt": {},
          "amount": 250
        }
      ],
      "results": [
        {
          "item": "minecraft:glass_bottle"
        }
      ]
    },
    {
      "type": "create:deploying",
      "ingredients": [
        {
          "item": "minecraft:glass_bottle"
        },
        {
          "tag": "tfe:creosote_molotov_cloth"
        }
      ],
      "results": [
        {
          "item": "minecraft:glass_bottle"
        }
      ]
    },
    {
      "type": "create:deploying",
      "ingredients": [
        {
          "item": "minecraft:glass_bottle"
        },
        {
          "tag": "supplementaries:ropes"
        }
      ],
      "results": [
        {
          "item": "minecraft:glass_bottle"
        }
      ]
    },
    {
      "type": "create:deploying",
      "ingredients": [
        {
          "item": "minecraft:glass_bottle"
        },
        {
          "tag": "forge:glue"
        }
      ],
      "results": [
        {
          "item": "minecraft:glass_bottle"
        }
      ]
    }
  ],
  "results": [
    {
      "item": "immersivepetroleum:molotov",
      "chance": 140.0
    },
    {
        "item": "quark:clear_shard",
        "chance": 32.0
    },
    {
        "item": "farmersdelight:rope",
        "chance": 8.0
    }
  ],
  "loops": 1
}