{"type":"immersiveengineering:blueprint","inputs":[{"count":2,"base_ingredient":{"item":"create:precision_mechanism"}},{"count":12,"base_ingredient":{"item":"immersiveengineering:component_steel"}},{"count":8,"base_ingredient":{"item":"rosia:purple_steel_wire"}},{"count":20,"base_ingredient":{"item":"immersiveengineering:component_iron"}},{"count":12,"base_ingredient":{"item":"firmalife:metal/sheet/stainless_steel"}},{"count":2,"base_ingredient":{"tag":"forge:rods/purple_steel"}}],"category":"bullet","result":{"item":"kubejs:advanced_gun_parts"}}