{"type":"immersiveengineering:blueprint","inputs":[{"base_ingredient":{"item":"create:precision_mechanism"}},{"count":4,"base_ingredient":{"item":"immersiveengineering:component_steel"}},{"count":8,"base_ingredient":{"tag":"forge:wires/steel"}},{"count":8,"base_ingredient":{"item":"immersiveengineering:component_iron"}},{"count":3,"base_ingredient":{"item":"firmalife:metal/sheet/stainless_steel"}},{"count":4,"base_ingredient":{"tag":"forge:rods/black_steel"}}],"category":"bullet","result":{"item":"kubejs:basic_gun_parts","count":2}}