{"type":"immersiveengineering:blueprint","inputs":[{"base_ingredient":{"item":"tfc:brass_mechanisms"}},{"count":2,"base_ingredient":{"item":"immersiveengineering:component_steel"}},{"count":4,"base_ingredient":{"tag":"forge:wires/steel"}},{"count":4,"base_ingredient":{"item":"immersiveengineering:component_iron"}},{"count":3,"base_ingredient":{"item":"firmalife:metal/sheet/stainless_steel"}},{"count":2,"base_ingredient":{"tag":"forge:rods/steel"}}],"category":"bullet","result":{"item":"kubejs:basic_gun_parts"}}