{"type":"immersiveengineering:blueprint","inputs":[{"count":2,"base_ingredient":{"item":"create:precision_mechanism"}},{"count":6,"base_ingredient":{"item":"immersiveengineering:component_steel"}},{"count":4,"base_ingredient":{"item":"rosia:purple_steel_wire"}},{"count":10,"base_ingredient":{"item":"immersiveengineering:component_iron"}},{"count":6,"base_ingredient":{"item":"firmalife:metal/sheet/stainless_steel"}},{"count":4,"base_ingredient":{"tag":"forge:rods/black_steel"}}],"category":"bullet","result":{"item":"kubejs:enhanced_gun_parts","count":2}}