{"type":"tac:workbench","materials":[{"item":{"tag":"forge:ingots/black_steel"},"count":35},{"item":{"tag":"forge:plates/plastic"},"count":60},{"item":{"tag":"forge:glass_panes/colorless"},"count":80},{"item":{"tag":"forge:wires/aluminum"},"count":12},{"item":{"tag":"forge:wires/aluminum"},"count":8},{"item":{"item":"immersiveengineering:component_electronic_adv"},"count":4},{"item":{"item":"kubejs:enhanced_gun_parts"},"count":6},{"item":{"item":"kubejs:advanced_gun_parts"},"count":3}],"result":{"item":"tac:8x_scope"}}