{"type":"tac:workbench","materials":[{"item":{"tag":"forge:plates/steel"},"count":10},{"item":{"tag":"forge:plates/plastic"},"count":7},{"item":{"tag":"forge:glass_panes/colorless"},"count":5},{"item":{"tag":"forge:wires/electrum"},"count":6},{"item":{"tag":"forge:wires/aluminum"},"count":4},{"item":{"item":"immersiveengineering:component_electronic"},"count":2},{"item":{"item":"kubejs:enhanced_gun_parts"},"count":3},{"item":{"item":"kubejs:advanced_gun_parts"}}],"result":{"item":"tac:coyote_sight"}}