{"type":"tac:workbench","materials":[{"item":{"tag":"forge:ingots/black_steel"},"count":15},{"item":{"tag":"forge:plates/plastic"},"count":20},{"item":{"tag":"forge:glass_panes/colorless"},"count":25},{"item":{"tag":"forge:wires/electrum"},"count":5},{"item":{"tag":"forge:wires/aluminum"},"count":7},{"item":{"item":"immersiveengineering:component_electronic_adv"},"count":2},{"item":{"item":"kubejs:enhanced_gun_parts"},"count":2},{"item":{"item":"kubejs:advanced_gun_parts"},"count":2}],"result":{"item":"tac:lpvo_1_6"}}