{
  "credit": "Made with Blockbench",
  "parent": "builtin/entity",
  "texture_size": [
    32,
    32
  ],
  "display": {
    "thirdperson_righthand": {
      "rotation": [
        55,
        0,
        0
      ],
      "translation": [
        0,
        -0.5,
        -1.25
      ]
    },
    "thirdperson_lefthand": {
      "rotation": [
        55,
        0,
        0
      ],
      "translation": [
        0,
        -0.5,
        -1.25
      ]
    },
    "firstperson_righthand": {
      "rotation": [
        15,
        -30,
        0
      ],
      "translation": [
        0.25,
        0.75,
        0
      ],
      "scale": [
        1.5,
        1.5,
        1.5
      ]
    },
    "firstperson_lefthand": {
      "rotation": [
        15,
        -30,
        10
      ],
      "translation": [
        0.25,
        0.75,
        0
      ],
      "scale": [
        1.5,
        1.5,
        1.5
      ]
    },
    "ground": {
      "translation": [
        0,
        -3.5,
        0
      ],
      "scale": [
        1.2,
        1.2,
        1.2
      ]
    },
    "gui": {
      "rotation": [
        30,
        30,
        0
      ],
      "translation": [
        0,
        -6,
        0
      ],
      "scale": [
        2.8,
        2.8,
        2.8
      ]
    },
    "fixed": {
      "rotation": [
        0,
        180,
        0
      ],
      "translation": [
        0,
        -2.5,
        -1.25
      ],
      "scale": [
        2,
        2,
        2
      ]
    }
  },
  "textures": {
    "particle": "item/texture"
  }
}