{
	"credit": "Made with Blockbench",
	"texture_size": [32, 32],
	"textures": {
		"0": "kubejs:item/modeltex_canned_chocolate_pie",
		"particle": "minecraft:item/cooked_beef"
	},
	"elements": [
		{
			"name": "can",
			"from": [7.2, 0.05, 7.2],
			"to": [8.8, 0.15, 8.8],
			"rotation": {"angle": 0, "axis": "y", "origin": [8, 0, 7]},
			"faces": {
				"north": {"uv": [6, 3.5, 6.75, 3.625], "texture": "#0"},
				"east": {"uv": [6, 4, 6.75, 4.125], "texture": "#0"},
				"south": {"uv": [6, 2.5, 6.75, 2.625], "texture": "#0"},
				"west": {"uv": [6, 3, 6.75, 3.125], "texture": "#0"},
				"up": {"uv": [1.75, 3.75, 1, 3], "rotation": 180, "texture": "#0"},
				"down": {"uv": [3.75, 1.5, 3, 2.25], "rotation": 180, "texture": "#0"}
			}
		},
		{
			"name": "can",
			"from": [7.2, 0.05, 6.8],
			"to": [8.8, 3.15, 7],
			"rotation": {"angle": 0, "axis": "y", "origin": [8, 0, 7]},
			"faces": {
				"north": {"uv": [1, 0, 1.75, 1.5], "texture": "#0"},
				"east": {"uv": [3, 4, 3.125, 5.5], "texture": "#0"},
				"south": {"uv": [0, 0, 0.75, 1.5], "texture": "#0"},
				"west": {"uv": [4, 2.5, 4.125, 4], "texture": "#0"},
				"up": {"uv": [6.75, 4.625, 6, 4.5], "rotation": 180, "texture": "#0"},
				"down": {"uv": [5.75, 6, 5, 6.125], "rotation": 180, "texture": "#0"}
			}
		},
		{
			"name": "can",
			"from": [7.2, 0.05, 7],
			"to": [8.8, 0.15, 7.2],
			"rotation": {"angle": 0, "axis": "y", "origin": [8, 0, 7]},
			"faces": {
				"north": {"uv": [5, 7, 5.75, 7.125], "texture": "#0"},
				"east": {"uv": [8, 8.5, 8.125, 8.625], "texture": "#0"},
				"south": {"uv": [7, 4.5, 7.75, 4.625], "texture": "#0"},
				"west": {"uv": [8.5, 7.5, 8.625, 7.625], "texture": "#0"},
				"up": {"uv": [7.75, 5.125, 7, 5], "rotation": 180, "texture": "#0"},
				"down": {"uv": [7.75, 5.5, 7, 5.625], "rotation": 180, "texture": "#0"}
			}
		},
		{
			"name": "can",
			"from": [7.2, 0.05, 8.8],
			"to": [8.8, 0.15, 9],
			"rotation": {"angle": 0, "axis": "y", "origin": [8, 0, 7]},
			"faces": {
				"north": {"uv": [1, 7.5, 1.75, 7.625], "texture": "#0"},
				"east": {"uv": [9, 0, 9.125, 0.125], "texture": "#0"},
				"south": {"uv": [0, 7.5, 0.75, 7.625], "texture": "#0"},
				"west": {"uv": [0, 9, 0.125, 9.125], "texture": "#0"},
				"up": {"uv": [2.75, 7.625, 2, 7.5], "rotation": 180, "texture": "#0"},
				"down": {"uv": [3.75, 7.5, 3, 7.625], "rotation": 180, "texture": "#0"}
			}
		},
		{
			"name": "can",
			"from": [8.8, 0.05, 7],
			"to": [9, 3.15, 7.2],
			"rotation": {"angle": 0, "axis": "y", "origin": [8, 0, 7]},
			"faces": {
				"north": {"uv": [4.5, 2.5, 4.625, 4], "texture": "#0"},
				"east": {"uv": [4.5, 4, 4.625, 5.5], "texture": "#0"},
				"south": {"uv": [2, 4.5, 2.125, 6], "texture": "#0"},
				"west": {"uv": [2.5, 4.5, 2.625, 6], "texture": "#0"},
				"up": {"uv": [8.625, 4.125, 8.5, 4], "rotation": 180, "texture": "#0"},
				"down": {"uv": [4.625, 8.5, 4.5, 8.625], "rotation": 180, "texture": "#0"}
			}
		},
		{
			"name": "can",
			"from": [7, 0.05, 7],
			"to": [7.2, 3.15, 7.2],
			"rotation": {"angle": 0, "axis": "y", "origin": [8, 0, 7]},
			"faces": {
				"north": {"uv": [5, 3, 5.125, 4.5], "texture": "#0"},
				"east": {"uv": [5, 4.5, 5.125, 6], "texture": "#0"},
				"south": {"uv": [5, 0, 5.125, 1.5], "texture": "#0"},
				"west": {"uv": [5, 1.5, 5.125, 3], "texture": "#0"},
				"up": {"uv": [8.625, 4.625, 8.5, 4.5], "rotation": 180, "texture": "#0"},
				"down": {"uv": [5.125, 8.5, 5, 8.625], "rotation": 180, "texture": "#0"}
			}
		},
		{
			"name": "can",
			"from": [8.8, 0.05, 8.8],
			"to": [9, 3.15, 9],
			"rotation": {"angle": 0, "axis": "y", "origin": [8, 0, 7]},
			"faces": {
				"north": {"uv": [3, 5.5, 3.125, 7], "texture": "#0"},
				"east": {"uv": [5.5, 3, 5.625, 4.5], "texture": "#0"},
				"south": {"uv": [5.5, 0, 5.625, 1.5], "texture": "#0"},
				"west": {"uv": [5.5, 1.5, 5.625, 3], "texture": "#0"},
				"up": {"uv": [8.625, 5.125, 8.5, 5], "rotation": 180, "texture": "#0"},
				"down": {"uv": [5.625, 8.5, 5.5, 8.625], "rotation": 180, "texture": "#0"}
			}
		},
		{
			"name": "can",
			"from": [7, 0.05, 8.8],
			"to": [7.2, 3.15, 9],
			"rotation": {"angle": 0, "axis": "y", "origin": [8, 0, 7]},
			"faces": {
				"north": {"uv": [4.5, 5.5, 4.625, 7], "texture": "#0"},
				"east": {"uv": [5.5, 4.5, 5.625, 6], "texture": "#0"},
				"south": {"uv": [3.5, 5.5, 3.625, 7], "texture": "#0"},
				"west": {"uv": [4, 5.5, 4.125, 7], "texture": "#0"},
				"up": {"uv": [8.625, 5.625, 8.5, 5.5], "rotation": 180, "texture": "#0"},
				"down": {"uv": [6.125, 8.5, 6, 8.625], "rotation": 180, "texture": "#0"}
			}
		},
		{
			"name": "can",
			"from": [7.2, 0.05, 7],
			"to": [8.8, 3.15, 7.2],
			"rotation": {"angle": 0, "axis": "y", "origin": [8, 0, 7]},
			"faces": {
				"north": {"uv": [1, 1.5, 1.75, 3], "texture": "#0"},
				"east": {"uv": [4, 4, 4.125, 5.5], "texture": "#0"},
				"south": {"uv": [0, 1.5, 0.75, 3], "texture": "#0"},
				"west": {"uv": [3.5, 4, 3.625, 5.5], "texture": "#0"},
				"up": {"uv": [6.75, 5.125, 6, 5], "rotation": 180, "texture": "#0"},
				"down": {"uv": [6.75, 5.5, 6, 5.625], "rotation": 180, "texture": "#0"}
			}
		},
		{
			"name": "can",
			"from": [7.2, 0.05, 9],
			"to": [8.8, 3.15, 9.2],
			"rotation": {"angle": 0, "axis": "y", "origin": [8, 0, 7]},
			"faces": {
				"north": {"uv": [1, 1.5, 1.75, 3], "texture": "#0"},
				"east": {"uv": [4, 4, 4.125, 5.5], "texture": "#0"},
				"south": {"uv": [0, 1.5, 0.75, 3], "texture": "#0"},
				"west": {"uv": [3.5, 4, 3.625, 5.5], "texture": "#0"},
				"up": {"uv": [6.75, 5.125, 6, 5], "rotation": 180, "texture": "#0"},
				"down": {"uv": [6.75, 5.5, 6, 5.625], "rotation": 180, "texture": "#0"}
			}
		},
		{
			"name": "can",
			"from": [7.01268, 3.0799, 7.2086],
			"to": [9.01268, 3.1799, 8.8086],
			"rotation": {"angle": 0, "axis": "y", "origin": [8, 0, 7]},
			"faces": {
				"north": {"uv": [7.75, 1.125, 7, 1], "texture": "#0"},
				"east": {"uv": [6.5, 8.5, 6.625, 8.625], "rotation": 90, "texture": "#0"},
				"south": {"uv": [7.75, 1.5, 7, 1.625], "rotation": 180, "texture": "#0"},
				"west": {"uv": [8.5, 6, 8.625, 6.125], "rotation": 270, "texture": "#0"},
				"up": {"uv": [7, 0.5, 7.75, 0.625], "texture": "#0"},
				"down": {"uv": [1, 7, 1.75, 7.125], "rotation": 180, "texture": "#0"}
			}
		},
		{
			"name": "can",
			"from": [6.8, 0.05, 7.2],
			"to": [7, 3.15, 8.8],
			"rotation": {"angle": 0, "axis": "y", "origin": [8, 0, 7]},
			"faces": {
				"north": {"uv": [0.5, 4.5, 0.625, 6], "texture": "#0"},
				"east": {"uv": [2, 0, 2.75, 1.5], "texture": "#0"},
				"south": {"uv": [0, 4.5, 0.125, 6], "texture": "#0"},
				"west": {"uv": [2, 1.5, 2.75, 3], "texture": "#0"},
				"up": {"uv": [6.75, 6.125, 6, 6], "rotation": 90, "texture": "#0"},
				"down": {"uv": [0.75, 6.5, 0, 6.625], "rotation": 270, "texture": "#0"}
			}
		},
		{
			"name": "can",
			"from": [7, 0.05, 7.2],
			"to": [7.2, 0.15, 8.8],
			"rotation": {"angle": 0, "axis": "y", "origin": [8, 0, 7]},
			"faces": {
				"north": {"uv": [7.5, 8.5, 7.625, 8.625], "texture": "#0"},
				"east": {"uv": [7, 3, 7.75, 3.125], "texture": "#0"},
				"south": {"uv": [8.5, 7, 8.625, 7.125], "texture": "#0"},
				"west": {"uv": [7, 3.5, 7.75, 3.625], "texture": "#0"},
				"up": {"uv": [4.75, 7.125, 4, 7], "rotation": 90, "texture": "#0"},
				"down": {"uv": [7.75, 4, 7, 4.125], "rotation": 270, "texture": "#0"}
			}
		},
		{
			"name": "can",
			"from": [8.8, 0.05, 7.2],
			"to": [9, 0.15, 8.8],
			"rotation": {"angle": 0, "axis": "y", "origin": [8, 0, 7]},
			"faces": {
				"north": {"uv": [8.5, 8.5, 8.625, 8.625], "texture": "#0"},
				"east": {"uv": [6, 7, 6.75, 7.125], "texture": "#0"},
				"south": {"uv": [8.5, 8, 8.625, 8.125], "texture": "#0"},
				"west": {"uv": [7, 6, 7.75, 6.125], "texture": "#0"},
				"up": {"uv": [7.75, 6.625, 7, 6.5], "rotation": 90, "texture": "#0"},
				"down": {"uv": [7.75, 7, 7, 7.125], "rotation": 270, "texture": "#0"}
			}
		},
		{
			"name": "can",
			"from": [9, 0.05, 7.2],
			"to": [9.2, 3.15, 8.8],
			"rotation": {"angle": 0, "axis": "y", "origin": [8, 0, 7]},
			"faces": {
				"north": {"uv": [1.5, 4.5, 1.625, 6], "texture": "#0"},
				"east": {"uv": [0, 3, 0.75, 4.5], "texture": "#0"},
				"south": {"uv": [1, 4.5, 1.125, 6], "texture": "#0"},
				"west": {"uv": [3, 0, 3.75, 1.5], "texture": "#0"},
				"up": {"uv": [1.75, 6.625, 1, 6.5], "rotation": 90, "texture": "#0"},
				"down": {"uv": [2.75, 6.5, 2, 6.625], "rotation": 270, "texture": "#0"}
			}
		},
		{
			"name": "can",
			"from": [7.2, 0.05, 8.8],
			"to": [8.8, 3.15, 9],
			"rotation": {"angle": 0, "axis": "y", "origin": [8, 0, 7]},
			"faces": {
				"north": {"uv": [3, 0, 3.75, 1.5], "texture": "#0"},
				"east": {"uv": [1.5, 4.5, 1.625, 6], "texture": "#0"},
				"south": {"uv": [0, 3, 0.75, 4.5], "texture": "#0"},
				"west": {"uv": [1, 4.5, 1.125, 6], "texture": "#0"},
				"up": {"uv": [1.75, 6.625, 1, 6.5], "rotation": 180, "texture": "#0"},
				"down": {"uv": [2.75, 6.5, 2, 6.625], "rotation": 180, "texture": "#0"}
			}
		},
		{
			"name": "food",
			"from": [7.2, 2.55, 7.2],
			"to": [8.8, 2.65, 8.8],
			"rotation": {"angle": 0, "axis": "y", "origin": [8, 2.5, 8]},
			"faces": {
				"north": {"uv": [5, 6.5, 5.75, 6.625], "texture": "#0"},
				"east": {"uv": [6, 6.5, 6.75, 6.625], "texture": "#0"},
				"south": {"uv": [0, 7, 0.75, 7.125], "texture": "#0"},
				"west": {"uv": [7, 0, 7.75, 0.125], "texture": "#0"},
				"up": {"uv": [2.75, 3.75, 2, 3], "texture": "#0"},
				"down": {"uv": [3.75, 2.5, 3, 3.25], "texture": "#0"}
			}
		},
		{
			"name": "food",
			"from": [7.2, 2.55, 7],
			"to": [8.8, 2.65, 7.2],
			"rotation": {"angle": 0, "axis": "y", "origin": [8, 2.5, 6]},
			"faces": {
				"north": {"uv": [8, 2.5, 8.75, 2.625], "texture": "#0"},
				"east": {"uv": [2, 9, 2.125, 9.125], "texture": "#0"},
				"south": {"uv": [3, 8, 3.75, 8.125], "texture": "#0"},
				"west": {"uv": [9, 2, 9.125, 2.125], "texture": "#0"},
				"up": {"uv": [8.75, 3.125, 8, 3], "texture": "#0"},
				"down": {"uv": [8.75, 3.5, 8, 3.625], "texture": "#0"}
			}
		},
		{
			"name": "food",
			"from": [8.8, 2.55, 7.2],
			"to": [9, 2.65, 8.8],
			"rotation": {"angle": 0, "axis": "y", "origin": [7.8, 2.6, 8]},
			"faces": {
				"north": {"uv": [1.5, 9, 1.625, 9.125], "texture": "#0"},
				"east": {"uv": [8, 1.5, 8.75, 1.625], "texture": "#0"},
				"south": {"uv": [9, 1.5, 9.125, 1.625], "texture": "#0"},
				"west": {"uv": [8, 1, 8.75, 1.125], "texture": "#0"},
				"up": {"uv": [2.75, 8.125, 2, 8], "rotation": 270, "texture": "#0"},
				"down": {"uv": [8.75, 2, 8, 2.125], "rotation": 90, "texture": "#0"}
			}
		},
		{
			"name": "food",
			"from": [7.2, 2.55, 8.8],
			"to": [8.8, 2.65, 9],
			"rotation": {"angle": 0, "axis": "y", "origin": [8, 2.5, 7.8]},
			"faces": {
				"north": {"uv": [0, 8, 0.75, 8.125], "texture": "#0"},
				"east": {"uv": [1, 9, 1.125, 9.125], "texture": "#0"},
				"south": {"uv": [8, 0, 8.75, 0.125], "texture": "#0"},
				"west": {"uv": [9, 1, 9.125, 1.125], "texture": "#0"},
				"up": {"uv": [8.75, 0.625, 8, 0.5], "texture": "#0"},
				"down": {"uv": [1.75, 8, 1, 8.125], "texture": "#0"}
			}
		},
		{
			"name": "food",
			"from": [7, 2.55, 7.2],
			"to": [7.2, 2.65, 8.8],
			"rotation": {"angle": 0, "axis": "y", "origin": [6, 2.6, 8]},
			"faces": {
				"north": {"uv": [0.5, 9, 0.625, 9.125], "texture": "#0"},
				"east": {"uv": [5, 7.5, 5.75, 7.625], "texture": "#0"},
				"south": {"uv": [9, 0.5, 9.125, 0.625], "texture": "#0"},
				"west": {"uv": [4, 7.5, 4.75, 7.625], "texture": "#0"},
				"up": {"uv": [6.75, 7.625, 6, 7.5], "rotation": 270, "texture": "#0"},
				"down": {"uv": [7.75, 7.5, 7, 7.625], "rotation": 90, "texture": "#0"}
			}
		}
	],
	"display": {
		"thirdperson_righthand": {
			"translation": [0, 6, 0]
		}
	},
	"groups": [
		{
			"name": "can",
			"origin": [8, 0.11136, 8.97273],
			"color": 0,
			"children": [0, 1, 2, 3, 4, 5, 6, 7, 8, 9, 10, 11, 12, 13, 14, 15]
		},
		{
			"name": "food",
			"origin": [8, 0, 8],
			"color": 0,
			"children": [16, 17, 18, 19, 20]
		}
	]
}